[
  {
    "fields": {
      "height_ft": 5,
      "weight": 5,
      "health_complete": false,
      "height_in": 5,
      "country": null,
      "lifestyle_complete": false,
      "last_update": "2016-01-09T17:53:56.500Z",
      "family_complete": false,
      "user": 2,
      "photo": "",
      "timezone": 114
    },
    "model": "patient.patient",
    "pk": 1
  },
  {
    "fields": {
      "type": 1,
      "patient": 1,
      "record_date": "2016-01-01",
      "provider": null
    },
    "model": "patient.patienthistory",
    "pk": 1
  },
  {
    "fields": {
      "type": 3,
      "patient": 1,
      "record_date": "2016-01-02",
      "provider": null
    },
    "model": "patient.patienthistory",
    "pk": 2
  },


  {
    "fields": {
      "medications": true,
      "patient": 1,
      "medications_info": "My Medications",
      "surgeries_info": "My Surgeries ",
      "health_conditions": true,
      "health_conditions_info": "My Health Conditions ",
      "surgeries": true
    },
    "model": "patient.patienthealthhistory",
    "pk": 1
  },
  {
    "fields": {
      "question_string": "Do you get at least 7 hours of sleep daily?"
    },
    "model": "patient.patientlifestylequestion",
    "pk": 1
  },
  {
    "fields": {
      "question_string": "Do you excercise?"
    },
    "model": "patient.patientlifestylequestion",
    "pk": 2
  },
  {
    "fields": {
      "question_string": "Do you get yearly flu shots?"
    },
    "model": "patient.patientlifestylequestion",
    "pk": 3
  },
  {
    "fields": {
      "question_string": "Do you smoke or use tobacco?"
    },
    "model": "patient.patientlifestylequestion",
    "pk": 4
  },
  {
    "fields": {
      "question_string": "Do you drink alcohol?"
    },
    "model": "patient.patientlifestylequestion",
    "pk": 5
  },
  {
    "fields": {
      "question_string": "Do you use recreational drugs?"
    },
    "model": "patient.patientlifestylequestion",
    "pk": 6
  },
  {
    "fields": {
      "question_string": "Do you work around hazardous or toxic chemicals?"
    },
    "model": "patient.patientlifestylequestion",
    "pk": 7
  },
  {
    "fields": {
      "question_string": "Are you or have you ever been disabled?"
    },
    "model": "patient.patientlifestylequestion",
    "pk": 8
  },
  {
    "fields": {
      "answer": true,
      "question": 1,
      "patient": 1
    },
    "model": "patient.patientlifestyle",
    "pk": 1
  },
  {
    "fields": {
      "answer": false,
      "question": 2,
      "patient": 1
    },
    "model": "patient.patientlifestyle",
    "pk": 2
  },
  {
    "fields": {
      "answer": true,
      "question": 3,
      "patient": 1
    },
    "model": "patient.patientlifestyle",
    "pk": 3
  },
  {
    "fields": {
      "answer": true,
      "question": 4,
      "patient": 1
    },
    "model": "patient.patientlifestyle",
    "pk": 4
  },
  {
    "fields": {
      "answer": true,
      "question": 5,
      "patient": 1
    },
    "model": "patient.patientlifestyle",
    "pk": 5
  },
  {
    "fields": {
      "answer": true,
      "question": 6,
      "patient": 1
    },
    "model": "patient.patientlifestyle",
    "pk": 6
  },
  {
    "fields": {
      "answer": true,
      "question": 7,
      "patient": 1
    },
    "model": "patient.patientlifestyle",
    "pk": 7
  },
  {
    "fields": {
      "answer": true,
      "question": 8,
      "patient": 1
    },
    "model": "patient.patientlifestyle",
    "pk": 8
  },
  {
    "fields": {
      "name": "Mother"
    },
    "model": "patient.patientfamilyrelationship",
    "pk": 1
  },
  {
    "fields": {
      "name": "Father"
    },
    "model": "patient.patientfamilyrelationship",
    "pk": 2
  },
  {
    "fields": {
      "name": "Sibling"
    },
    "model": "patient.patientfamilyrelationship",
    "pk": 3
  },
  {
    "fields": {
      "name": "Grandfather"
    },
    "model": "patient.patientfamilyrelationship",
    "pk": 4
  },
  {
    "fields": {
      "name": "Grandmother"
    },
    "model": "patient.patientfamilyrelationship",
    "pk": 5
  },
  {
    "fields": {
      "name": "Uncle"
    },
    "model": "patient.patientfamilyrelationship",
    "pk": 6
  },
  {
    "fields": {
      "name": "Aunt"
    },
    "model": "patient.patientfamilyrelationship",
    "pk": 7
  },
  {
    "fields": {
      "patient": null,
      "name": "Asthma"
    },
    "model": "patient.patientfamilycondition",
    "pk": 1
  },
  {
    "fields": {
      "patient": null,
      "name": "Cystic fibrosis"
    },
    "model": "patient.patientfamilycondition",
    "pk": 2
  },
  {
    "fields": {
      "patient": null,
      "name": "Early/unexplained death"
    },
    "model": "patient.patientfamilycondition",
    "pk": 3
  },
  {
    "fields": {
      "patient": null,
      "name": "Hearth disease"
    },
    "model": "patient.patientfamilycondition",
    "pk": 4
  },
  {
    "fields": {
      "patient": null,
      "name": "Metabolic disease"
    },
    "model": "patient.patientfamilycondition",
    "pk": 5
  },
  {
    "fields": {
      "patient": null,
      "name": "Sickle cell anemia"
    },
    "model": "patient.patientfamilycondition",
    "pk": 6
  },
  {
    "fields": {
      "patient": null,
      "name": "Thyroid disease"
    },
    "model": "patient.patientfamilycondition",
    "pk": 7
  },
  {
    "fields": {
      "patient": null,
      "name": "Cancer"
    },
    "model": "patient.patientfamilycondition",
    "pk": 8
  },
  {
    "fields": {
      "patient": null,
      "name": "Diabets"
    },
    "model": "patient.patientfamilycondition",
    "pk": 9
  },
  {
    "fields": {
      "patient": null,
      "name": "Elevated cholestrol"
    },
    "model": "patient.patientfamilycondition",
    "pk": 10
  },
  {
    "fields": {
      "patient": null,
      "name": "High blood pressure"
    },
    "model": "patient.patientfamilycondition",
    "pk": 11
  },
  {
    "fields": {
      "patient": null,
      "name": "Seasonal allergies"
    },
    "model": "patient.patientfamilycondition",
    "pk": 12
  },
  {
    "fields": {
      "patient": null,
      "name": "Stroke"
    },
    "model": "patient.patientfamilycondition",
    "pk": 13
  },
  {
    "fields": {
      "patient": 1,
      "relationship": 7,
      "condition": 2
    },
    "model": "patient.patientfamily",
    "pk": 1
  },
  {
    "fields": {
      "patient": 1,
      "relationship": 1,
      "condition": 1
    },
    "model": "patient.patientfamily",
    "pk": 2
  },
  {
    "fields": {
      "patient": 1,
      "relationship": 3,
      "condition": 7
    },
    "model": "patient.patientfamily",
    "pk": 3
  }
]