[{"fields": {"name": "New Yourk"}, "model": "utils.city", "pk": 1}, {"fields": {"name": "Boston"}, "model": "utils.city", "pk": 2}, {"fields": {"name": "Los Angeles"}, "model": "utils.city", "pk": 3}, {"fields": {"name": "UTC-12"}, "model": "utils.timezone", "pk": 1}, {"fields": {"name": "UTC-11"}, "model": "utils.timezone", "pk": 2}, {"fields": {"name": "UTC-10"}, "model": "utils.timezone", "pk": 3}, {"fields": {"name": "UTC-9"}, "model": "utils.timezone", "pk": 4}, {"fields": {"name": "UTC-8"}, "model": "utils.timezone", "pk": 5}, {"fields": {"name": "UTC-7"}, "model": "utils.timezone", "pk": 6}, {"fields": {"name": "UTC-6"}, "model": "utils.timezone", "pk": 7}, {"fields": {"name": "UTC-5"}, "model": "utils.timezone", "pk": 8}, {"fields": {"name": "UTC-4"}, "model": "utils.timezone", "pk": 9}, {"fields": {"name": "UTC-3"}, "model": "utils.timezone", "pk": 10}, {"fields": {"name": "UTC-2"}, "model": "utils.timezone", "pk": 11}, {"fields": {"name": "UTC-1"}, "model": "utils.timezone", "pk": 12}, {"fields": {"name": "UTC"}, "model": "utils.timezone", "pk": 13}, {"fields": {"name": "UTC+1"}, "model": "utils.timezone", "pk": 14}, {"fields": {"name": "UTC+2"}, "model": "utils.timezone", "pk": 15}, {"fields": {"name": "UTC+3"}, "model": "utils.timezone", "pk": 16}, {"fields": {"name": "UTC+4"}, "model": "utils.timezone", "pk": 17}, {"fields": {"name": "UTC+5"}, "model": "utils.timezone", "pk": 18}, {"fields": {"name": "UTC+6"}, "model": "utils.timezone", "pk": 19}, {"fields": {"name": "UTC+7"}, "model": "utils.timezone", "pk": 20}, {"fields": {"name": "UTC+8"}, "model": "utils.timezone", "pk": 21}, {"fields": {"name": "UTC+9"}, "model": "utils.timezone", "pk": 22}, {"fields": {"name": "UTC+10"}, "model": "utils.timezone", "pk": 23}, {"fields": {"name": "UTC+11"}, "model": "utils.timezone", "pk": 24}, {"fields": {"name": "UTC+12"}, "model": "utils.timezone", "pk": 25}, {"fields": {"timezone": [23, 25, 3, 2, 1, 9, 8, 7, 6, 5, 4], "name": "United State of America"}, "model": "utils.country", "pk": 1}, {"fields": {"timezone": [10, 9, 8, 7, 6, 5], "name": "Canada"}, "model": "utils.country", "pk": 2}, {"fields": {"name": "Cardiology"}, "model": "utils.specialty", "pk": 1}, {"fields": {"name": "Oncology"}, "model": "utils.specialty", "pk": 2}, {"fields": {"name": "Anesthesiology"}, "model": "utils.specialty", "pk": 3}, {"fields": {"name": "Otolaryngology"}, "model": "utils.specialty", "pk": 4}, {"fields": {"name": "Ophthalmology"}, "model": "utils.specialty", "pk": 5}, {"fields": {"name": "Dermatology"}, "model": "utils.specialty", "pk": 6}, {"fields": {"name": "Psychiatry"}, "model": "utils.specialty", "pk": 7}, {"fields": {"name": "English"}, "model": "utils.language", "pk": 1}, {"fields": {"name": "Espanol"}, "model": "utils.language", "pk": 2}, {"fields": {"name": "Upset Stomach"}, "model": "utils.appointmentreason", "pk": 1}, {"fields": {"name": "Fever"}, "model": "utils.appointmentreason", "pk": 2}, {"fields": {"name": "Headache"}, "model": "utils.appointmentreason", "pk": 3}, {"fields": {"name": "Disease"}, "model": "utils.appointmentreason", "pk": 4}, {"fields": {"name": "Earache"}, "model": "utils.appointmentreason", "pk": 5}, {"fields": {"name": "Otitis"}, "model": "utils.appointmentreason", "pk": 6}, {"fields": {"name": "Migraine"}, "model": "utils.appointmentreason", "pk": 7}, {"fields": {"name": "signin"}, "model": "utils.activitytype", "pk": 1}, {"fields": {"name": "signup"}, "model": "utils.activitytype", "pk": 2}, {"fields": {"name": "appointment"}, "model": "utils.activitytype", "pk": 3}]